source_path,metadata_date,filename_date,folder_date,filesystem_date,checked_sources,status,reference_date,reference_source,target_folder,target_filename,target_path,action,metadata_action,metadata_message,error
E:\Resimler\2019\01\001.jpeg,2019-01-15 07:44:20,,2019-01-01 00:00:00,2026-03-19 12:39:31,"folder,filename,metadata,filesystem",INCONSISTENT,2019-01-01 00:00:00,folder,E:\Resimler\2019\01,001.jpeg,,SKIP_DUPLICATE,
E:\Resimler\2019\01\001.jpg,2019-01-20 09:59:14,,2019-01-01 00:00:00,2026-03-19 08:08:30,"folder,filename,metadata,filesystem",INCONSISTENT,2019-01-01 00:00:00,folder,E:\Resimler\2019\01,001.jpg,,SKIP_DUPLICATE,
E:\Resimler\2019\01\001_01.jpeg,2019-01-18 07:37:44,,2019-01-01 00:00:00,2026-03-19 12:39:34,"folder,filename,metadata,filesystem",INCONSISTENT,2019-01-01 00:00:00,folder,E:\Resimler\2019\01,001_01.jpeg,,SKIP_DUPLICATE,
E:\Resimler\2019\01\001_01.jpg,2019-01-01 07:45:02,,2019-01-01 00:00:00,2026-03-19 12:39:27,"folder,filename,metadata,filesystem",INCONSISTENT,2019-01-01 00:00:00,folder,E:\Resimler\2019\01,001_01.jpg,,SKIP_DUPLICATE,
E:\Resimler\2019\01\001_02.jpg,2019-01-02 00:51:42,,2019-01-01 00:00:00,2026-03-19 12:39:27,"folder,filename,metadata,filesystem",INCONSISTENT,2019-01-01 00:00:00,folder,E:\Resimler\2019\01,001_02.jpg,,SKIP_DUPLICATE,
E:\Resimler\2019\01\001_03.jpg,2019-01-03 08:43:32,,2019-01-01 00:00:00,2026-03-19 12:39:28,"folder,filename,metadata,filesystem",INCONSISTENT,2019-01-01 00:00:00,folder,E:\Resimler\2019\01,001_03.jpg,,SKIP_DUPLICATE,
E:\Resimler\2019\01\001_04.jpg,2019-01-04 08:28:58,,2019-01-01 00:00:00,2026-03-19 12:39:28,"folder,filename,metadata,filesystem",INCONSISTENT,2019-01-01 00:00:00,folder,E:\Resimler\2019\01,001_04.jpg,,SKIP_DUPLICATE,
E:\Resimler\2019\01\001_05.jpg,2019-01-05 19:43:38,,2019-01-01 00:00:00,2026-03-19 12:39:28,"folder,filename,metadata,filesystem",INCONSISTENT,2019-01-01 00:00:00,folder,E:\Resimler\2019\01,001_05.jpg,,SKIP_DUPLICATE,
E:\Resimler\2019\01\001_06.jpg,2019-01-06 08:56:47,,2019-01-01 00:00:00,2026-03-19 12:39:28,"folder,filename,metadata,filesystem",INCONSISTENT,2019-01-01 00:00:00,folder,E:\Resimler\2019\01,001_06.jpg,,SKIP_DUPLICATE,
E:\Resimler\2019\01\001_07.jpg,2019-01-07 11:00:08,,2019-01-01 00:00:00,2026-03-19 12:39:30,"folder,filename,metadata,filesystem",INCONSISTENT,2019-01-01 00:00:00,folder,E:\Resimler\2019\01,001_07.jpg,,SKIP_DUPLICATE,
E:\Resimler\2019\01\001_08.jpg,2019-01-08 11:59:44,,2019-01-01 00:00:00,2026-03-19 12:39:30,"folder,filename,metadata,filesystem",INCONSISTENT,2019-01-01 00:00:00,folder,E:\Resimler\2019\01,001_08.jpg,,SKIP_DUPLICATE,
E:\Resimler\2019\01\001_09.jpg,2019-01-09 19:10:50,,2019-01-01 00:00:00,2026-03-19 12:39:31,"folder,filename,metadata,filesystem",INCONSISTENT,2019-01-01 00:00:00,folder,E:\Resimler\2019\01,001_09.jpg,,SKIP_DUPLICATE,
E:\Resimler\2019\01\001_10.jpg,2019-01-10 10:11:22,,2019-01-01 00:00:00,2026-03-19 12:39:31,"folder,filename,metadata,filesystem",INCONSISTENT,2019-01-01 00:00:00,folder,E:\Resimler\2019\01,001_10.jpg,,SKIP_DUPLICATE,
E:\Resimler\2019\01\001_11.jpg,2019-01-11 07:26:12,,2019-01-01 00:00:00,2026-03-19 12:39:31,"folder,filename,metadata,filesystem",INCONSISTENT,2019-01-01 00:00:00,folder,E:\Resimler\2019\01,001_11.jpg,,SKIP_DUPLICATE,
E:\Resimler\2019\01\001_12.jpg,2019-01-12 12:00:04,,2019-01-01 00:00:00,2026-03-19 12:39:31,"folder,filename,metadata,filesystem",INCONSISTENT,2019-01-01 00:00:00,folder,E:\Resimler\2019\01,001_12.jpg,,SKIP_DUPLICATE,
E:\Resimler\2019\01\001_13.jpg,2019-01-13 18:54:44,,2019-01-01 00:00:00,2026-03-19 12:39:31,"folder,filename,metadata,filesystem",INCONSISTENT,2019-01-01 00:00:00,folder,E:\Resimler\2019\01,001_13.jpg,,SKIP_DUPLICATE,
E:\Resimler\2019\01\001_14.jpg,2019-01-14 10:09:10,,2019-01-01 00:00:00,2026-03-19 12:39:31,"folder,filename,metadata,filesystem",INCONSISTENT,2019-01-01 00:00:00,folder,E:\Resimler\2019\01,001_14.jpg,,SKIP_DUPLICATE,
E:\Resimler\2019\01\001_15.jpg,2019-01-16 08:32:26,,2019-01-01 00:00:00,2026-03-19 12:39:31,"folder,filename,metadata,filesystem",INCONSISTENT,2019-01-01 00:00:00,folder,E:\Resimler\2019\01,001_15.jpg,,SKIP_DUPLICATE,
E:\Resimler\2019\01\001_16.jpg,2019-01-17 07:08:44,,2019-01-01 00:00:00,2026-03-19 12:39:34,"folder,filename,metadata,filesystem",INCONSISTENT,2019-01-01 00:00:00,folder,E:\Resimler\2019\01,001_16.jpg,,SKIP_DUPLICATE,
E:\Resimler\2019\01\001_17.jpg,2019-01-19 04:59:06,,2019-01-01 00:00:00,2026-03-19 12:39:34,"folder,filename,metadata,filesystem",INCONSISTENT,2019-01-01 00:00:00,folder,E:\Resimler\2019\01,001_17.jpg,,SKIP_DUPLICATE,
E:\Resimler\2019\01\002.jpg,2019-01-20 10:06:16,,2019-01-01 00:00:00,2026-03-19 08:08:30,"folder,filename,metadata,filesystem",INCONSISTENT,2019-01-01 00:00:00,folder,E:\Resimler\2019\01,002.jpg,,SKIP_DUPLICATE,
E:\Resimler\2019\01\002_01.jpg,2019-01-01 13:18:02,,2019-01-01 00:00:00,2026-03-19 12:39:27,"folder,filename,metadata,filesystem",INCONSISTENT,2019-01-01 00:00:00,folder,E:\Resimler\2019\01,002_01.jpg,,SKIP_DUPLICATE,
E:\Resimler\2019\01\002_02.jpg,2019-01-02 00:51:42,,2019-01-01 00:00:00,2026-03-19 12:39:27,"folder,filename,metadata,filesystem",INCONSISTENT,2019-01-01 00:00:00,folder,E:\Resimler\2019\01,002_02.jpg,,SKIP_DUPLICATE,
E:\Resimler\2019\01\002_03.jpg,2019-01-03 09:26:22,,2019-01-01 00:00:00,2026-03-19 12:39:28,"folder,filename,metadata,filesystem",INCONSISTENT,2019-01-01 00:00:00,folder,E:\Resimler\2019\01,002_03.jpg,,SKIP_DUPLICATE,
E:\Resimler\2019\01\002_04.jpg,2019-01-04 09:54:26,,2019-01-01 00:00:00,2026-03-19 12:39:28,"folder,filename,metadata,filesystem",INCONSISTENT,2019-01-01 00:00:00,folder,E:\Resimler\2019\01,002_04.jpg,,SKIP_DUPLICATE,
E:\Resimler\2019\01\002_05.jpg,2019-01-06 11:34:44,,2019-01-01 00:00:00,2026-03-19 12:39:28,"folder,filename,metadata,filesystem",INCONSISTENT,2019-01-01 00:00:00,folder,E:\Resimler\2019\01,002_05.jpg,,SKIP_DUPLICATE,
E:\Resimler\2019\01\002_06.jpg,2019-01-07 14:31:02,,2019-01-01 00:00:00,2026-03-19 12:39:30,"folder,filename,metadata,filesystem",INCONSISTENT,2019-01-01 00:00:00,folder,E:\Resimler\2019\01,002_06.jpg,,SKIP_DUPLICATE,
E:\Resimler\2019\01\002_07.jpg,2019-01-08 11:59:44,,2019-01-01 00:00:00,2026-03-19 12:39:30,"folder,filename,metadata,filesystem",INCONSISTENT,2019-01-01 00:00:00,folder,E:\Resimler\2019\01,002_07.jpg,,SKIP_DUPLICATE,
E:\Resimler\2019\01\002_08.jpg,2019-01-09 21:11:30,,2019-01-01 00:00:00,2026-03-19 12:39:31,"folder,filename,metadata,filesystem",INCONSISTENT,2019-01-01 00:00:00,folder,E:\Resimler\2019\01,002_08.jpg,,SKIP_DUPLICATE,
E:\Resimler\2019\01\002_09.jpg,2019-01-10 10:29:58,,2019-01-01 00:00:00,2026-03-19 12:39:31,"folder,filename,metadata,filesystem",INCONSISTENT,2019-01-01 00:00:00,folder,E:\Resimler\2019\01,002_09.jpg,,SKIP_DUPLICATE,
E:\Resimler\2019\01\002_10.jpg,2019-01-11 08:31:10,,2019-01-01 00:00:00,2026-03-19 12:39:31,"folder,filename,metadata,filesystem",INCONSISTENT,2019-01-01 00:00:00,folder,E:\Resimler\2019\01,002_10.jpg,,SKIP_DUPLICATE,
E:\Resimler\2019\01\002_11.jpg,2019-01-12 12:56:32,,2019-01-01 00:00:00,2026-03-19 12:39:31,"folder,filename,metadata,filesystem",INCONSISTENT,2019-01-01 00:00:00,folder,E:\Resimler\2019\01,002_11.jpg,,SKIP_DUPLICATE,
E:\Resimler\2019\01\002_12.jpg,2019-01-13 18:55:42,,2019-01-01 00:00:00,2026-03-19 12:39:31,"folder,filename,metadata,filesystem",INCONSISTENT,2019-01-01 00:00:00,folder,E:\Resimler\2019\01,002_12.jpg,,SKIP_DUPLICATE,
E:\Resimler\2019\01\002_13.jpg,2019-01-14 10:09:22,,2019-01-01 00:00:00,2026-03-19 12:39:31,"folder,filename,metadata,filesystem",INCONSISTENT,2019-01-01 00:00:00,folder,E:\Resimler\2019\01,002_13.jpg,,SKIP_DUPLICATE,
E:\Resimler\2019\01\002_14.jpg,2019-01-15 07:44:32,,2019-01-01 00:00:00,2026-03-19 12:39:31,"folder,filename,metadata,filesystem",INCONSISTENT,2019-01-01 00:00:00,folder,E:\Resimler\2019\01,002_14.jpg,,SKIP_DUPLICATE,
E:\Resimler\2019\01\002_15.jpg,2019-01-16 08:36:02,,2019-01-01 00:00:00,2026-03-19 12:39:31,"folder,filename,metadata,filesystem",INCONSISTENT,2019-01-01 00:00:00,folder,E:\Resimler\2019\01,002_15.jpg,,SKIP_DUPLICATE,
E:\Resimler\2019\01\002_16.jpg,2019-01-17 10:21:00,,2019-01-01 00:00:00,2026-03-19 12:39:34,"folder,filename,metadata,filesystem",INCONSISTENT,2019-01-01 00:00:00,folder,E:\Resimler\2019\01,002_16.jpg,,SKIP_DUPLICATE,
E:\Resimler\2019\01\002_17.jpg,2019-01-18 07:37:58,,2019-01-01 00:00:00,2026-03-19 12:39:34,"folder,filename,metadata,filesystem",INCONSISTENT,2019-01-01 00:00:00,folder,E:\Resimler\2019\01,002_17.jpg,,SKIP_DUPLICATE,
E:\Resimler\2019\01\002_18.jpg,2019-01-19 10:23:04,,2019-01-01 00:00:00,2026-03-19 12:39:34,"folder,filename,metadata,filesystem",INCONSISTENT,2019-01-01 00:00:00,folder,E:\Resimler\2019\01,002_18.jpg,,SKIP_DUPLICATE,
E:\Resimler\2019\01\003.jpeg,2019-01-15 07:45:46,,2019-01-01 00:00:00,2026-03-19 12:39:31,"folder,filename,metadata,filesystem",INCONSISTENT,2019-01-01 00:00:00,folder,E:\Resimler\2019\01,003.jpeg,,SKIP_DUPLICATE,
E:\Resimler\2019\01\003.jpg,2019-01-01 13:18:02,,2019-01-01 00:00:00,2026-03-19 12:39:27,"folder,filename,metadata,filesystem",INCONSISTENT,2019-01-01 00:00:00,folder,E:\Resimler\2019\01,003.jpg,,SKIP_DUPLICATE,
E:\Resimler\2019\01\003_01.jpg,2019-01-02 09:45:06,,2019-01-01 00:00:00,2026-03-19 12:39:27,"folder,filename,metadata,filesystem",INCONSISTENT,2019-01-01 00:00:00,folder,E:\Resimler\2019\01,003_01.jpg,,SKIP_DUPLICATE,
E:\Resimler\2019\01\003_02.jpg,2019-01-03 10:03:58,,2019-01-01 00:00:00,2026-03-19 12:39:28,"folder,filename,metadata,filesystem",INCONSISTENT,2019-01-01 00:00:00,folder,E:\Resimler\2019\01,003_02.jpg,,SKIP_DUPLICATE,
E:\Resimler\2019\01\003_03.jpg,2019-01-04 11:04:40,,2019-01-01 00:00:00,2026-03-19 12:39:28,"folder,filename,metadata,filesystem",INCONSISTENT,2019-01-01 00:00:00,folder,E:\Resimler\2019\01,003_03.jpg,,SKIP_DUPLICATE,
E:\Resimler\2019\01\003_04.jpg,2019-01-06 12:05:09,,2019-01-01 00:00:00,2026-03-19 12:39:28,"folder,filename,metadata,filesystem",INCONSISTENT,2019-01-01 00:00:00,folder,E:\Resimler\2019\01,003_04.jpg,,SKIP_DUPLICATE,
E:\Resimler\2019\01\003_05.jpg,2019-01-07 14:33:38,,2019-01-01 00:00:00,2026-03-19 12:39:30,"folder,filename,metadata,filesystem",INCONSISTENT,2019-01-01 00:00:00,folder,E:\Resimler\2019\01,003_05.jpg,,SKIP_DUPLICATE,
E:\Resimler\2019\01\003_06.jpg,2019-01-08 12:04:38,,2019-01-01 00:00:00,2026-03-19 12:39:30,"folder,filename,metadata,filesystem",INCONSISTENT,2019-01-01 00:00:00,folder,E:\Resimler\2019\01,003_06.jpg,,SKIP_DUPLICATE,
E:\Resimler\2019\01\003_07.jpg,2019-01-09 21:12:54,,2019-01-01 00:00:00,2026-03-19 12:39:31,"folder,filename,metadata,filesystem",INCONSISTENT,2019-01-01 00:00:00,folder,E:\Resimler\2019\01,003_07.jpg,,SKIP_DUPLICATE,
E:\Resimler\2019\01\003_08.jpg,2019-01-10 10:29:58,,2019-01-01 00:00:00,2026-03-19 12:39:31,"folder,filename,metadata,filesystem",INCONSISTENT,2019-01-01 00:00:00,folder,E:\Resimler\2019\01,003_08.jpg,,SKIP_DUPLICATE,
E:\Resimler\2019\01\003_09.jpg,2019-01-11 08:51:02,,2019-01-01 00:00:00,2026-03-19 12:39:31,"folder,filename,metadata,filesystem",INCONSISTENT,2019-01-01 00:00:00,folder,E:\Resimler\2019\01,003_09.jpg,,SKIP_DUPLICATE,
E:\Resimler\2019\01\003_10.jpg,2019-01-12 15:09:36,,2019-01-01 00:00:00,2026-03-19 12:39:31,"folder,filename,metadata,filesystem",INCONSISTENT,2019-01-01 00:00:00,folder,E:\Resimler\2019\01,003_10.jpg,,SKIP_DUPLICATE,
E:\Resimler\2019\01\003_11.jpg,2019-01-13 19:04:06,,2019-01-01 00:00:00,2026-03-19 12:39:31,"folder,filename,metadata,filesystem",INCONSISTENT,2019-01-01 00:00:00,folder,E:\Resimler\2019\01,003_11.jpg,,SKIP_DUPLICATE,
E:\Resimler\2019\01\003_12.jpg,2019-01-14 12:02:04,,2019-01-01 00:00:00,2026-03-19 12:39:31,"folder,filename,metadata,filesystem",INCONSISTENT,2019-01-01 00:00:00,folder,E:\Resimler\2019\01,003_12.jpg,,SKIP_DUPLICATE,
E:\Resimler\2019\01\003_13.jpg,2019-01-16 08:38:34,,2019-01-01 00:00:00,2026-03-19 12:39:31,"folder,filename,metadata,filesystem",INCONSISTENT,2019-01-01 00:00:00,folder,E:\Resimler\2019\01,003_13.jpg,,SKIP_DUPLICATE,
E:\Resimler\2019\01\003_14.jpg,2019-01-17 11:21:44,,2019-01-01 00:00:00,2026-03-19 12:39:34,"folder,filename,metadata,filesystem",INCONSISTENT,2019-01-01 00:00:00,folder,E:\Resimler\2019\01,003_14.jpg,,SKIP_DUPLICATE,
E:\Resimler\2019\01\003_15.jpg,2019-01-18 07:46:28,,2019-01-01 00:00:00,2026-03-19 12:39:34,"folder,filename,metadata,filesystem",INCONSISTENT,2019-01-01 00:00:00,folder,E:\Resimler\2019\01,003_15.jpg,,SKIP_DUPLICATE,
E:\Resimler\2019\01\003_16.jpg,2019-01-19 13:24:34,,2019-01-01 00:00:00,2026-03-19 12:39:34,"folder,filename,metadata,filesystem",INCONSISTENT,2019-01-01 00:00:00,folder,E:\Resimler\2019\01,003_16.jpg,,SKIP_DUPLICATE,
E:\Resimler\2019\01\004.jpeg,2019-01-14 12:38:08,,2019-01-01 00:00:00,2026-03-19 12:39:31,"folder,filename,metadata,filesystem",INCONSISTENT,2019-01-01 00:00:00,folder,E:\Resimler\2019\01,004.jpeg,,SKIP_DUPLICATE,
E:\Resimler\2019\01\004.jpg,2019-01-01 13:18:02,,2019-01-01 00:00:00,2026-03-19 12:39:27,"folder,filename,metadata,filesystem",INCONSISTENT,2019-01-01 00:00:00,folder,E:\Resimler\2019\01,004.jpg,,SKIP_DUPLICATE,
E:\Resimler\2019\01\004.png,2019-01-08 15:23:10,,2019-01-01 00:00:00,2026-03-19 12:39:30,"folder,filename,metadata,filesystem",INCONSISTENT,2019-01-01 00:00:00,folder,E:\Resimler\2019\01,004.png,,SKIP_DUPLICATE,
E:\Resimler\2019\01\004_01.jpg,2019-01-02 10:24:58,,2019-01-01 00:00:00,2026-03-19 12:39:27,"folder,filename,metadata,filesystem",INCONSISTENT,2019-01-01 00:00:00,folder,E:\Resimler\2019\01,004_01.jpg,,SKIP_DUPLICATE,
E:\Resimler\2019\01\004_02.jpg,2019-01-03 12:11:14,,2019-01-01 00:00:00,2026-03-19 12:39:28,"folder,filename,metadata,filesystem",INCONSISTENT,2019-01-01 00:00:00,folder,E:\Resimler\2019\01,004_02.jpg,,SKIP_DUPLICATE,
E:\Resimler\2019\01\004_03.jpg,2019-01-04 14:01:48,,2019-01-01 00:00:00,2026-03-19 12:39:28,"folder,filename,metadata,filesystem",INCONSISTENT,2019-01-01 00:00:00,folder,E:\Resimler\2019\01,004_03.jpg,,SKIP_DUPLICATE,
E:\Resimler\2019\01\004_04.jpg,2019-01-06 12:05:11,,2019-01-01 00:00:00,2026-03-19 12:39:28,"folder,filename,metadata,filesystem",INCONSISTENT,2019-01-01 00:00:00,folder,E:\Resimler\2019\01,004_04.jpg,,SKIP_DUPLICATE,
E:\Resimler\2019\01\004_05.jpg,2019-01-07 14:36:08,,2019-01-01 00:00:00,2026-03-19 12:39:30,"folder,filename,metadata,filesystem",INCONSISTENT,2019-01-01 00:00:00,folder,E:\Resimler\2019\01,004_05.jpg,,SKIP_DUPLICATE,
E:\Resimler\2019\01\004_06.jpg,2019-01-09 21:18:10,,2019-01-01 00:00:00,2026-03-19 12:39:31,"folder,filename,metadata,filesystem",INCONSISTENT,2019-01-01 00:00:00,folder,E:\Resimler\2019\01,004_06.jpg,,SKIP_DUPLICATE,
E:\Resimler\2019\01\004_07.jpg,2019-01-10 10:30:00,,2019-01-01 00:00:00,2026-03-19 12:39:31,"folder,filename,metadata,filesystem",INCONSISTENT,2019-01-01 00:00:00,folder,E:\Resimler\2019\01,004_07.jpg,,SKIP_DUPLICATE,
E:\Resimler\2019\01\004_08.jpg,2019-01-11 08:58:02,,2019-01-01 00:00:00,2026-03-19 12:39:31,"folder,filename,metadata,filesystem",INCONSISTENT,2019-01-01 00:00:00,folder,E:\Resimler\2019\01,004_08.jpg,,SKIP_DUPLICATE,
E:\Resimler\2019\01\004_09.jpg,2019-01-12 17:28:00,,2019-01-01 00:00:00,2026-03-19 12:39:31,"folder,filename,metadata,filesystem",INCONSISTENT,2019-01-01 00:00:00,folder,E:\Resimler\2019\01,004_09.jpg,,SKIP_DUPLICATE,
E:\Resimler\2019\01\004_10.jpg,2019-01-13 19:05:06,,2019-01-01 00:00:00,2026-03-19 12:39:31,"folder,filename,metadata,filesystem",INCONSISTENT,2019-01-01 00:00:00,folder,E:\Resimler\2019\01,004_10.jpg,,SKIP_DUPLICATE,
E:\Resimler\2019\01\004_11.jpg,2019-01-15 07:46:06,,2019-01-01 00:00:00,2026-03-19 12:39:31,"folder,filename,metadata,filesystem",INCONSISTENT,2019-01-01 00:00:00,folder,E:\Resimler\2019\01,004_11.jpg,,SKIP_DUPLICATE,
E:\Resimler\2019\01\004_12.jpg,2019-01-16 11:08:52,,2019-01-01 00:00:00,2026-03-19 12:39:31,"folder,filename,metadata,filesystem",INCONSISTENT,2019-01-01 00:00:00,folder,E:\Resimler\2019\01,004_12.jpg,,SKIP_DUPLICATE,
E:\Resimler\2019\01\004_13.jpg,2019-01-17 11:28:34,,2019-01-01 00:00:00,2026-03-19 12:39:34,"folder,filename,metadata,filesystem",INCONSISTENT,2019-01-01 00:00:00,folder,E:\Resimler\2019\01,004_13.jpg,,SKIP_DUPLICATE,
E:\Resimler\2019\01\004_14.jpg,2019-01-18 07:48:40,,2019-01-01 00:00:00,2026-03-19 12:39:34,"folder,filename,metadata,filesystem",INCONSISTENT,2019-01-01 00:00:00,folder,E:\Resimler\2019\01,004_14.jpg,,SKIP_DUPLICATE,
E:\Resimler\2019\01\004_15.jpg,2019-01-19 13:38:48,,2019-01-01 00:00:00,2026-03-19 12:39:34,"folder,filename,metadata,filesystem",INCONSISTENT,2019-01-01 00:00:00,folder,E:\Resimler\2019\01,004_15.jpg,,SKIP_DUPLICATE,
E:\Resimler\2019\01\005.jpg,2019-01-01 13:20:06,,2019-01-01 00:00:00,2026-03-19 12:39:27,"folder,filename,metadata,filesystem",INCONSISTENT,2019-01-01 00:00:00,folder,E:\Resimler\2019\01,005.jpg,,SKIP_DUPLICATE,
E:\Resimler\2019\01\005.png,2019-01-19 13:43:34,,2019-01-01 00:00:00,2026-03-19 12:39:34,"folder,filename,metadata,filesystem",INCONSISTENT,2019-01-01 00:00:00,folder,E:\Resimler\2019\01,005.png,,SKIP_DUPLICATE,
E:\Resimler\2019\01\005_01.jpg,2019-01-02 10:25:42,,2019-01-01 00:00:00,2026-03-19 12:39:28,"folder,filename,metadata,filesystem",INCONSISTENT,2019-01-01 00:00:00,folder,E:\Resimler\2019\01,005_01.jpg,,SKIP_DUPLICATE,
E:\Resimler\2019\01\005_02.jpg,2019-01-03 12:30:10,,2019-01-01 00:00:00,2026-03-19 12:39:28,"folder,filename,metadata,filesystem",INCONSISTENT,2019-01-01 00:00:00,folder,E:\Resimler\2019\01,005_02.jpg,,SKIP_DUPLICATE,
E:\Resimler\2019\01\005_03.jpg,2019-01-04 15:03:04,,2019-01-01 00:00:00,2026-03-19 12:39:28,"folder,filename,metadata,filesystem",INCONSISTENT,2019-01-01 00:00:00,folder,E:\Resimler\2019\01,005_03.jpg,,SKIP_DUPLICATE,
E:\Resimler\2019\01\005_04.jpg,2019-01-06 12:05:17,,2019-01-01 00:00:00,2026-03-19 12:39:28,"folder,filename,metadata,filesystem",INCONSISTENT,2019-01-01 00:00:00,folder,E:\Resimler\2019\01,005_04.jpg,,SKIP_DUPLICATE,
E:\Resimler\2019\01\005_05.jpg,2019-01-07 14:57:40,,2019-01-01 00:00:00,2026-03-19 12:39:30,"folder,filename,metadata,filesystem",INCONSISTENT,2019-01-01 00:00:00,folder,E:\Resimler\2019\01,005_05.jpg,,SKIP_DUPLICATE,
E:\Resimler\2019\01\005_06.jpg,2019-01-08 16:26:27,,2019-01-01 00:00:00,2026-03-19 12:39:30,"folder,filename,metadata,filesystem",INCONSISTENT,2019-01-01 00:00:00,folder,E:\Resimler\2019\01,005_06.jpg,,SKIP_DUPLICATE,
E:\Resimler\2019\01\005_07.jpg,2019-01-09 21:23:22,,2019-01-01 00:00:00,2026-03-19 12:39:31,"folder,filename,metadata,filesystem",INCONSISTENT,2019-01-01 00:00:00,folder,E:\Resimler\2019\01,005_07.jpg,,SKIP_DUPLICATE,
E:\Resimler\2019\01\005_08.jpg,2019-01-10 10:30:00,,2019-01-01 00:00:00,2026-03-19 12:39:31,"folder,filename,metadata,filesystem",INCONSISTENT,2019-01-01 00:00:00,folder,E:\Resimler\2019\01,005_08.jpg,,SKIP_DUPLICATE,
E:\Resimler\2019\01\005_09.jpg,2019-01-11 09:28:40,,2019-01-01 00:00:00,2026-03-19 12:39:31,"folder,filename,metadata,filesystem",INCONSISTENT,2019-01-01 00:00:00,folder,E:\Resimler\2019\01,005_09.jpg,,SKIP_DUPLICATE,
E:\Resimler\2019\01\005_10.jpg,2019-01-12 17:30:28,,2019-01-01 00:00:00,2026-03-19 12:39:31,"folder,filename,metadata,filesystem",INCONSISTENT,2019-01-01 00:00:00,folder,E:\Resimler\2019\01,005_10.jpg,,SKIP_DUPLICATE,
E:\Resimler\2019\01\005_11.jpg,2019-01-13 20:58:38,,2019-01-01 00:00:00,2026-03-19 12:39:31,"folder,filename,metadata,filesystem",INCONSISTENT,2019-01-01 00:00:00,folder,E:\Resimler\2019\01,005_11.jpg,,SKIP_DUPLICATE,
E:\Resimler\2019\01\005_12.jpg,2019-01-14 12:39:12,,2019-01-01 00:00:00,2026-03-19 12:39:31,"folder,filename,metadata,filesystem",INCONSISTENT,2019-01-01 00:00:00,folder,E:\Resimler\2019\01,005_12.jpg,,SKIP_DUPLICATE,
E:\Resimler\2019\01\005_13.jpg,2019-01-15 13:34:30,,2019-01-01 00:00:00,2026-03-19 12:39:31,"folder,filename,metadata,filesystem",INCONSISTENT,2019-01-01 00:00:00,folder,E:\Resimler\2019\01,005_13.jpg,,SKIP_DUPLICATE,
E:\Resimler\2019\01\005_14.jpg,2019-01-16 11:36:50,,2019-01-01 00:00:00,2026-03-19 12:39:31,"folder,filename,metadata,filesystem",INCONSISTENT,2019-01-01 00:00:00,folder,E:\Resimler\2019\01,005_14.jpg,,SKIP_DUPLICATE,
E:\Resimler\2019\01\005_15.jpg,2019-01-17 14:34:42,,2019-01-01 00:00:00,2026-03-19 12:39:34,"folder,filename,metadata,filesystem",INCONSISTENT,2019-01-01 00:00:00,folder,E:\Resimler\2019\01,005_15.jpg,,SKIP_DUPLICATE,
E:\Resimler\2019\01\005_16.jpg,2019-01-18 08:27:32,,2019-01-01 00:00:00,2026-03-19 12:39:34,"folder,filename,metadata,filesystem",INCONSISTENT,2019-01-01 00:00:00,folder,E:\Resimler\2019\01,005_16.jpg,,SKIP_DUPLICATE,
E:\Resimler\2019\01\006.gif,2019-01-16 12:01:28,,2019-01-01 00:00:00,2026-03-19 12:39:31,"folder,filename,metadata,filesystem",INCONSISTENT,2019-01-01 00:00:00,folder,E:\Resimler\2019\01,006.gif,,SKIP_DUPLICATE,
E:\Resimler\2019\01\006.jpg,2019-01-01 13:26:50,,2019-01-01 00:00:00,2026-03-19 12:39:27,"folder,filename,metadata,filesystem",INCONSISTENT,2019-01-01 00:00:00,folder,E:\Resimler\2019\01,006.jpg,,SKIP_DUPLICATE,
E:\Resimler\2019\01\006_01.jpg,2019-01-02 11:26:30,,2019-01-01 00:00:00,2026-03-19 12:39:28,"folder,filename,metadata,filesystem",INCONSISTENT,2019-01-01 00:00:00,folder,E:\Resimler\2019\01,006_01.jpg,,SKIP_DUPLICATE,
E:\Resimler\2019\01\006_02.jpg,2019-01-03 12:30:48,,2019-01-01 00:00:00,2026-03-19 12:39:28,"folder,filename,metadata,filesystem",INCONSISTENT,2019-01-01 00:00:00,folder,E:\Resimler\2019\01,006_02.jpg,,SKIP_DUPLICATE,
E:\Resimler\2019\01\006_03.jpg,2019-01-04 15:29:54,,2019-01-01 00:00:00,2026-03-19 12:39:28,"folder,filename,metadata,filesystem",INCONSISTENT,2019-01-01 00:00:00,folder,E:\Resimler\2019\01,006_03.jpg,,SKIP_DUPLICATE,
E:\Resimler\2019\01\006_04.jpg,2019-01-06 12:05:41,,2019-01-01 00:00:00,2026-03-19 12:39:28,"folder,filename,metadata,filesystem",INCONSISTENT,2019-01-01 00:00:00,folder,E:\Resimler\2019\01,006_04.jpg,,SKIP_DUPLICATE,
E:\Resimler\2019\01\006_05.jpg,2019-01-07 14:57:52,,2019-01-01 00:00:00,2026-03-19 12:39:30,"folder,filename,metadata,filesystem",INCONSISTENT,2019-01-01 00:00:00,folder,E:\Resimler\2019\01,006_05.jpg,,SKIP_DUPLICATE,
E:\Resimler\2019\01\006_06.jpg,2019-01-08 16:26:28,,2019-01-01 00:00:00,2026-03-19 12:39:30,"folder,filename,metadata,filesystem",INCONSISTENT,2019-01-01 00:00:00,folder,E:\Resimler\2019\01,006_06.jpg,,SKIP_DUPLICATE,
E:\Resimler\2019\01\006_07.jpg,2019-01-09 21:31:28,,2019-01-01 00:00:00,2026-03-19 12:39:31,"folder,filename,metadata,filesystem",INCONSISTENT,2019-01-01 00:00:00,folder,E:\Resimler\2019\01,006_07.jpg,,SKIP_DUPLICATE,
E:\Resimler\2019\01\006_08.jpg,2019-01-10 10:30:00,,2019-01-01 00:00:00,2026-03-19 12:39:31,"folder,filename,metadata,filesystem",INCONSISTENT,2019-01-01 00:00:00,folder,E:\Resimler\2019\01,006_08.jpg,,SKIP_DUPLICATE,
E:\Resimler\2019\01\006_09.jpg,2019-01-11 11:31:00,,2019-01-01 00:00:00,2026-03-19 12:39:31,"folder,filename,metadata,filesystem",INCONSISTENT,2019-01-01 00:00:00,folder,E:\Resimler\2019\01,006_09.jpg,,SKIP_DUPLICATE,
E:\Resimler\2019\01\006_10.jpg,2019-01-12 17:30:46,,2019-01-01 00:00:00,2026-03-19 12:39:31,"folder,filename,metadata,filesystem",INCONSISTENT,2019-01-01 00:00:00,folder,E:\Resimler\2019\01,006_10.jpg,,SKIP_DUPLICATE,
E:\Resimler\2019\01\006_11.jpg,2019-01-13 23:49:16,,2019-01-01 00:00:00,2026-03-19 12:39:31,"folder,filename,metadata,filesystem",INCONSISTENT,2019-01-01 00:00:00,folder,E:\Resimler\2019\01,006_11.jpg,,SKIP_DUPLICATE,
E:\Resimler\2019\01\006_12.jpg,2019-01-14 13:14:18,,2019-01-01 00:00:00,2026-03-19 12:39:31,"folder,filename,metadata,filesystem",INCONSISTENT,2019-01-01 00:00:00,folder,E:\Resimler\2019\01,006_12.jpg,,SKIP_DUPLICATE,
E:\Resimler\2019\01\006_13.jpg,2019-01-15 14:01:02,,2019-01-01 00:00:00,2026-03-19 12:39:31,"folder,filename,metadata,filesystem",INCONSISTENT,2019-01-01 00:00:00,folder,E:\Resimler\2019\01,006_13.jpg,,SKIP_DUPLICATE,
E:\Resimler\2019\01\006_14.jpg,2019-01-17 15:02:12,,2019-01-01 00:00:00,2026-03-19 12:39:34,"folder,filename,metadata,filesystem",INCONSISTENT,2019-01-01 00:00:00,folder,E:\Resimler\2019\01,006_14.jpg,,SKIP_DUPLICATE,
E:\Resimler\2019\01\006_15.jpg,2019-01-18 09:40:52,,2019-01-01 00:00:00,2026-03-19 12:39:34,"folder,filename,metadata,filesystem",INCONSISTENT,2019-01-01 00:00:00,folder,E:\Resimler\2019\01,006_15.jpg,,SKIP_DUPLICATE,
E:\Resimler\2019\01\006_16.jpg,2019-01-19 14:08:44,,2019-01-01 00:00:00,2026-03-19 12:39:34,"folder,filename,metadata,filesystem",INCONSISTENT,2019-01-01 00:00:00,folder,E:\Resimler\2019\01,006_16.jpg,,SKIP_DUPLICATE,
E:\Resimler\2019\01\007.gif,2019-01-16 12:01:30,,2019-01-01 00:00:00,2026-03-19 12:39:31,"folder,filename,metadata,filesystem",INCONSISTENT,2019-01-01 00:00:00,folder,E:\Resimler\2019\01,007.gif,,SKIP_DUPLICATE,
E:\Resimler\2019\01\007.jpg,2019-01-01 14:06:44,,2019-01-01 00:00:00,2026-03-19 12:39:27,"folder,filename,metadata,filesystem",INCONSISTENT,2019-01-01 00:00:00,folder,E:\Resimler\2019\01,007.jpg,,SKIP_DUPLICATE,
E:\Resimler\2019\01\007_01.jpg,2019-01-02 11:28:58,,2019-01-01 00:00:00,2026-03-19 12:39:28,"folder,filename,metadata,filesystem",INCONSISTENT,2019-01-01 00:00:00,folder,E:\Resimler\2019\01,007_01.jpg,,SKIP_DUPLICATE,
E:\Resimler\2019\01\007_02.jpg,2019-01-03 21:19:24,,2019-01-01 00:00:00,2026-03-19 12:39:28,"folder,filename,metadata,filesystem",INCONSISTENT,2019-01-01 00:00:00,folder,E:\Resimler\2019\01,007_02.jpg,,SKIP_DUPLICATE,
E:\Resimler\2019\01\007_03.jpg,2019-01-04 15:29:54,,2019-01-01 00:00:00,2026-03-19 12:39:28,"folder,filename,metadata,filesystem",INCONSISTENT,2019-01-01 00:00:00,folder,E:\Resimler\2019\01,007_03.jpg,,SKIP_DUPLICATE,
E:\Resimler\2019\01\007_04.jpg,2019-01-06 12:06:16,,2019-01-01 00:00:00,2026-03-19 12:39:29,"folder,filename,metadata,filesystem",INCONSISTENT,2019-01-01 00:00:00,folder,E:\Resimler\2019\01,007_04.jpg,,SKIP_DUPLICATE,
E:\Resimler\2019\01\007_05.jpg,2019-01-07 20:18:46,,2019-01-01 00:00:00,2026-03-19 12:39:30,"folder,filename,metadata,filesystem",INCONSISTENT,2019-01-01 00:00:00,folder,E:\Resimler\2019\01,007_05.jpg,,SKIP_DUPLICATE,
E:\Resimler\2019\01\007_06.jpg,2019-01-08 16:26:30,,2019-01-01 00:00:00,2026-03-19 12:39:30,"folder,filename,metadata,filesystem",INCONSISTENT,2019-01-01 00:00:00,folder,E:\Resimler\2019\01,007_06.jpg,,SKIP_DUPLICATE,
E:\Resimler\2019\01\007_07.jpg,2019-01-09 22:53:44,,2019-01-01 00:00:00,2026-03-19 12:39:31,"folder,filename,metadata,filesystem",INCONSISTENT,2019-01-01 00:00:00,folder,E:\Resimler\2019\01,007_07.jpg,,SKIP_DUPLICATE,
E:\Resimler\2019\01\007_08.jpg,2019-01-10 16:17:34,,2019-01-01 00:00:00,2026-03-19 12:39:31,"folder,filename,metadata,filesystem",INCONSISTENT,2019-01-01 00:00:00,folder,E:\Resimler\2019\01,007_08.jpg,,SKIP_DUPLICATE,
E:\Resimler\2019\01\007_09.jpg,2019-01-11 11:31:02,,2019-01-01 00:00:00,2026-03-19 12:39:31,"folder,filename,metadata,filesystem",INCONSISTENT,2019-01-01 00:00:00,folder,E:\Resimler\2019\01,007_09.jpg,,SKIP_DUPLICATE,
E:\Resimler\2019\01\007_10.jpg,2019-01-14 13:44:04,,2019-01-01 00:00:00,2026-03-19 12:39:31,"folder,filename,metadata,filesystem",INCONSISTENT,2019-01-01 00:00:00,folder,E:\Resimler\2019\01,007_10.jpg,,SKIP_DUPLICATE,
E:\Resimler\2019\01\007_11.jpg,2019-01-15 16:22:56,,2019-01-01 00:00:00,2026-03-19 12:39:31,"folder,filename,metadata,filesystem",INCONSISTENT,2019-01-01 00:00:00,folder,E:\Resimler\2019\01,007_11.jpg,,SKIP_DUPLICATE,
E:\Resimler\2019\01\007_12.jpg,2019-01-17 15:02:14,,2019-01-01 00:00:00,2026-03-19 12:39:34,"folder,filename,metadata,filesystem",INCONSISTENT,2019-01-01 00:00:00,folder,E:\Resimler\2019\01,007_12.jpg,,SKIP_DUPLICATE,
E:\Resimler\2019\01\007_13.jpg,2019-01-18 09:43:38,,2019-01-01 00:00:00,2026-03-19 12:39:34,"folder,filename,metadata,filesystem",INCONSISTENT,2019-01-01 00:00:00,folder,E:\Resimler\2019\01,007_13.jpg,,SKIP_DUPLICATE,
E:\Resimler\2019\01\007_14.jpg,2019-01-19 16:33:23,,2019-01-01 00:00:00,2026-03-19 12:39:34,"folder,filename,metadata,filesystem",INCONSISTENT,2019-01-01 00:00:00,folder,E:\Resimler\2019\01,007_14.jpg,,SKIP_DUPLICATE,
E:\Resimler\2019\01\008.gif,2019-01-16 12:01:30,,2019-01-01 00:00:00,2026-03-19 12:39:31,"folder,filename,metadata,filesystem",INCONSISTENT,2019-01-01 00:00:00,folder,E:\Resimler\2019\01,008.gif,,SKIP_DUPLICATE,
E:\Resimler\2019\01\008.jpg,2019-01-01 14:06:44,,2019-01-01 00:00:00,2026-03-19 12:39:27,"folder,filename,metadata,filesystem",INCONSISTENT,2019-01-01 00:00:00,folder,E:\Resimler\2019\01,008.jpg,,SKIP_DUPLICATE,
E:\Resimler\2019\01\008_01.jpg,2019-01-02 11:29:24,,2019-01-01 00:00:00,2026-03-19 12:39:28,"folder,filename,metadata,filesystem",INCONSISTENT,2019-01-01 00:00:00,folder,E:\Resimler\2019\01,008_01.jpg,,SKIP_DUPLICATE,
E:\Resimler\2019\01\008_02.jpg,2019-01-03 21:31:10,,2019-01-01 00:00:00,2026-03-19 12:39:28,"folder,filename,metadata,filesystem",INCONSISTENT,2019-01-01 00:00:00,folder,E:\Resimler\2019\01,008_02.jpg,,SKIP_DUPLICATE,
E:\Resimler\2019\01\008_03.jpg,2019-01-04 15:29:54,,2019-01-01 00:00:00,2026-03-19 12:39:28,"folder,filename,metadata,filesystem",INCONSISTENT,2019-01-01 00:00:00,folder,E:\Resimler\2019\01,008_03.jpg,,SKIP_DUPLICATE,
E:\Resimler\2019\01\008_04.jpg,2019-01-06 12:06:44,,2019-01-01 00:00:00,2026-03-19 12:39:29,"folder,filename,metadata,filesystem",INCONSISTENT,2019-01-01 00:00:00,folder,E:\Resimler\2019\01,008_04.jpg,,SKIP_DUPLICATE,
E:\Resimler\2019\01\008_05.jpg,2019-01-08 00:48:58,,2019-01-01 00:00:00,2026-03-19 12:39:30,"folder,filename,metadata,filesystem",INCONSISTENT,2019-01-01 00:00:00,folder,E:\Resimler\2019\01,008_05.jpg,,SKIP_DUPLICATE,
E:\Resimler\2019\01\008_06.jpg,2019-01-08 16:26:31,,2019-01-01 00:00:00,2026-03-19 12:39:30,"folder,filename,metadata,filesystem",INCONSISTENT,2019-01-01 00:00:00,folder,E:\Resimler\2019\01,008_06.jpg,,SKIP_DUPLICATE,
E:\Resimler\2019\01\008_07.jpg,2019-01-10 20:34:12,,2019-01-01 00:00:00,2026-03-19 12:39:31,"folder,filename,metadata,filesystem",INCONSISTENT,2019-01-01 00:00:00,folder,E:\Resimler\2019\01,008_07.jpg,,SKIP_DUPLICATE,
E:\Resimler\2019\01\008_08.jpg,2019-01-11 16:38:02,,2019-01-01 00:00:00,2026-03-19 12:39:31,"folder,filename,metadata,filesystem",INCONSISTENT,2019-01-01 00:00:00,folder,E:\Resimler\2019\01,008_08.jpg,,SKIP_DUPLICATE,
E:\Resimler\2019\01\008_09.jpg,2019-01-14 14:42:24,,2019-01-01 00:00:00,2026-03-19 12:39:31,"folder,filename,metadata,filesystem",INCONSISTENT,2019-01-01 00:00:00,folder,E:\Resimler\2019\01,008_09.jpg,,SKIP_DUPLICATE,
E:\Resimler\2019\01\008_10.jpg,2019-01-15 16:27:54,,2019-01-01 00:00:00,2026-03-19 12:39:31,"folder,filename,metadata,filesystem",INCONSISTENT,2019-01-01 00:00:00,folder,E:\Resimler\2019\01,008_10.jpg,,SKIP_DUPLICATE,
E:\Resimler\2019\01\008_11.jpg,2019-01-17 15:02:14,,2019-01-01 00:00:00,2026-03-19 12:39:34,"folder,filename,metadata,filesystem",INCONSISTENT,2019-01-01 00:00:00,folder,E:\Resimler\2019\01,008_11.jpg,,SKIP_DUPLICATE,
E:\Resimler\2019\01\008_12.jpg,2019-01-18 09:43:38,,2019-01-01 00:00:00,2026-03-19 12:39:34,"folder,filename,metadata,filesystem",INCONSISTENT,2019-01-01 00:00:00,folder,E:\Resimler\2019\01,008_12.jpg,,SKIP_DUPLICATE,
E:\Resimler\2019\01\008_13.jpg,2019-01-19 17:13:32,,2019-01-01 00:00:00,2026-03-19 12:39:34,"folder,filename,metadata,filesystem",INCONSISTENT,2019-01-01 00:00:00,folder,E:\Resimler\2019\01,008_13.jpg,,SKIP_DUPLICATE,
E:\Resimler\2019\01\009.gif,2019-01-16 12:01:58,,2019-01-01 00:00:00,2026-03-19 12:39:31,"folder,filename,metadata,filesystem",INCONSISTENT,2019-01-01 00:00:00,folder,E:\Resimler\2019\01,009.gif,,SKIP_DUPLICATE,
E:\Resimler\2019\01\009.jpg,2019-01-01 14:06:46,,2019-01-01 00:00:00,2026-03-19 12:39:27,"folder,filename,metadata,filesystem",INCONSISTENT,2019-01-01 00:00:00,folder,E:\Resimler\2019\01,009.jpg,,SKIP_DUPLICATE,
E:\Resimler\2019\01\009_01.jpg,2019-01-02 11:44:42,,2019-01-01 00:00:00,2026-03-19 12:39:28,"folder,filename,metadata,filesystem",INCONSISTENT,2019-01-01 00:00:00,folder,E:\Resimler\2019\01,009_01.jpg,,SKIP_DUPLICATE,
E:\Resimler\2019\01\009_02.jpg,2019-01-03 23:21:10,,2019-01-01 00:00:00,2026-03-19 12:39:28,"folder,filename,metadata,filesystem",INCONSISTENT,2019-01-01 00:00:00,folder,E:\Resimler\2019\01,009_02.jpg,,SKIP_DUPLICATE,
E:\Resimler\2019\01\009_03.jpg,2019-01-04 15:29:56,,2019-01-01 00:00:00,2026-03-19 12:39:28,"folder,filename,metadata,filesystem",INCONSISTENT,2019-01-01 00:00:00,folder,E:\Resimler\2019\01,009_03.jpg,,SKIP_DUPLICATE,
E:\Resimler\2019\01\009_04.jpg,2019-01-06 12:06:47,,2019-01-01 00:00:00,2026-03-19 12:39:29,"folder,filename,metadata,filesystem",INCONSISTENT,2019-01-01 00:00:00,folder,E:\Resimler\2019\01,009_04.jpg,,SKIP_DUPLICATE,
E:\Resimler\2019\01\009_05.jpg,2019-01-08 16:26:33,,2019-01-01 00:00:00,2026-03-19 12:39:30,"folder,filename,metadata,filesystem",INCONSISTENT,2019-01-01 00:00:00,folder,E:\Resimler\2019\01,009_05.jpg,,SKIP_DUPLICATE,
E:\Resimler\2019\01\009_06.jpg,2019-01-10 20:34:12,,2019-01-01 00:00:00,2026-03-19 12:39:31,"folder,filename,metadata,filesystem",INCONSISTENT,2019-01-01 00:00:00,folder,E:\Resimler\2019\01,009_06.jpg,,SKIP_DUPLICATE,
E:\Resimler\2019\01\009_07.jpg,2019-01-11 16:38:22,,2019-01-01 00:00:00,2026-03-19 12:39:31,"folder,filename,metadata,filesystem",INCONSISTENT,2019-01-01 00:00:00,folder,E:\Resimler\2019\01,009_07.jpg,,SKIP_DUPLICATE,
E:\Resimler\2019\01\009_08.jpg,2019-01-14 15:19:38,,2019-01-01 00:00:00,2026-03-19 12:39:31,"folder,filename,metadata,filesystem",INCONSISTENT,2019-01-01 00:00:00,folder,E:\Resimler\2019\01,009_08.jpg,,SKIP_DUPLICATE,
E:\Resimler\2019\01\009_09.jpg,2019-01-15 16:41:38,,2019-01-01 00:00:00,2026-03-19 12:39:31,"folder,filename,metadata,filesystem",INCONSISTENT,2019-01-01 00:00:00,folder,E:\Resimler\2019\01,009_09.jpg,,SKIP_DUPLICATE,
E:\Resimler\2019\01\009_10.jpg,2019-01-17 15:02:14,,2019-01-01 00:00:00,2026-03-19 12:39:34,"folder,filename,metadata,filesystem",INCONSISTENT,2019-01-01 00:00:00,folder,E:\Resimler\2019\01,009_10.jpg,,SKIP_DUPLICATE,
E:\Resimler\2019\01\009_11.jpg,2019-01-18 09:43:38,,2019-01-01 00:00:00,2026-03-19 12:39:34,"folder,filename,metadata,filesystem",INCONSISTENT,2019-01-01 00:00:00,folder,E:\Resimler\2019\01,009_11.jpg,,SKIP_DUPLICATE,
E:\Resimler\2019\01\009_12.jpg,2019-01-19 17:15:10,,2019-01-01 00:00:00,2026-03-19 12:39:34,"folder,filename,metadata,filesystem",INCONSISTENT,2019-01-01 00:00:00,folder,E:\Resimler\2019\01,009_12.jpg,,SKIP_DUPLICATE,
E:\Resimler\2019\01\010.jpg,2019-01-01 14:06:48,,2019-01-01 00:00:00,2026-03-19 12:39:27,"folder,filename,metadata,filesystem",INCONSISTENT,2019-01-01 00:00:00,folder,E:\Resimler\2019\01,010.jpg,,SKIP_DUPLICATE,
E:\Resimler\2019\01\010_01.jpg,2019-01-02 11:44:42,,2019-01-01 00:00:00,2026-03-19 12:39:28,"folder,filename,metadata,filesystem",INCONSISTENT,2019-01-01 00:00:00,folder,E:\Resimler\2019\01,010_01.jpg,,SKIP_DUPLICATE,
E:\Resimler\2019\01\010_02.jpg,2019-01-04 18:39:14,,2019-01-01 00:00:00,2026-03-19 12:39:28,"folder,filename,metadata,filesystem",INCONSISTENT,2019-01-01 00:00:00,folder,E:\Resimler\2019\01,010_02.jpg,,SKIP_DUPLICATE,
E:\Resimler\2019\01\010_03.jpg,2019-01-06 12:22:12,,2019-01-01 00:00:00,2026-03-19 12:39:29,"folder,filename,metadata,filesystem",INCONSISTENT,2019-01-01 00:00:00,folder,E:\Resimler\2019\01,010_03.jpg,,SKIP_DUPLICATE,
E:\Resimler\2019\01\010_04.jpg,2019-01-08 16:26:34,,2019-01-01 00:00:00,2026-03-19 12:39:30,"folder,filename,metadata,filesystem",INCONSISTENT,2019-01-01 00:00:00,folder,E:\Resimler\2019\01,010_04.jpg,,SKIP_DUPLICATE,
E:\Resimler\2019\01\010_05.jpg,2019-01-10 22:30:08,,2019-01-01 00:00:00,2026-03-19 12:39:31,"folder,filename,metadata,filesystem",INCONSISTENT,2019-01-01 00:00:00,folder,E:\Resimler\2019\01,010_05.jpg,,SKIP_DUPLICATE,
E:\Resimler\2019\01\010_06.jpg,2019-01-11 22:32:50,,2019-01-01 00:00:00,2026-03-19 12:39:31,"folder,filename,metadata,filesystem",INCONSISTENT,2019-01-01 00:00:00,folder,E:\Resimler\2019\01,010_06.jpg,,SKIP_DUPLICATE,
E:\Resimler\2019\01\010_07.jpg,2019-01-15 21:22:42,,2019-01-01 00:00:00,2026-03-19 12:39:31,"folder,filename,metadata,filesystem",INCONSISTENT,2019-01-01 00:00:00,folder,E:\Resimler\2019\01,010_07.jpg,,SKIP_DUPLICATE,
E:\Resimler\2019\01\010_08.jpg,2019-01-16 12:01:58,,2019-01-01 00:00:00,2026-03-19 12:39:31,"folder,filename,metadata,filesystem",INCONSISTENT,2019-01-01 00:00:00,folder,E:\Resimler\2019\01,010_08.jpg,,SKIP_DUPLICATE,
E:\Resimler\2019\01\010_09.jpg,2019-01-17 15:25:44,,2019-01-01 00:00:00,2026-03-19 12:39:34,"folder,filename,metadata,filesystem",INCONSISTENT,2019-01-01 00:00:00,folder,E:\Resimler\2019\01,010_09.jpg,,SKIP_DUPLICATE,
E:\Resimler\2019\01\010_10.jpg,2019-01-18 09:43:40,,2019-01-01 00:00:00,2026-03-19 12:39:34,"folder,filename,metadata,filesystem",INCONSISTENT,2019-01-01 00:00:00,folder,E:\Resimler\2019\01,010_10.jpg,,SKIP_DUPLICATE,
E:\Resimler\2019\01\010_11.jpg,2019-01-19 17:17:22,,2019-01-01 00:00:00,2026-03-19 12:39:34,"folder,filename,metadata,filesystem",INCONSISTENT,2019-01-01 00:00:00,folder,E:\Resimler\2019\01,010_11.jpg,,SKIP_DUPLICATE,
E:\Resimler\2019\01\011.jpg,2019-01-01 14:06:54,,2019-01-01 00:00:00,2026-03-19 12:39:27,"folder,filename,metadata,filesystem",INCONSISTENT,2019-01-01 00:00:00,folder,E:\Resimler\2019\01,011.jpg,,SKIP_DUPLICATE,
E:\Resimler\2019\01\011.png,2019-01-15 22:44:32,,2019-01-01 00:00:00,2026-03-19 12:39:31,"folder,filename,metadata,filesystem",INCONSISTENT,2019-01-01 00:00:00,folder,E:\Resimler\2019\01,011.png,,SKIP_DUPLICATE,
E:\Resimler\2019\01\011_01.jpg,2019-01-02 11:44:42,,2019-01-01 00:00:00,2026-03-19 12:39:28,"folder,filename,metadata,filesystem",INCONSISTENT,2019-01-01 00:00:00,folder,E:\Resimler\2019\01,011_01.jpg,,SKIP_DUPLICATE,
E:\Resimler\2019\01\011_01.png,2019-01-16 12:01:58,,2019-01-01 00:00:00,2026-03-19 12:39:31,"folder,filename,metadata,filesystem",INCONSISTENT,2019-01-01 00:00:00,folder,E:\Resimler\2019\01,011_01.png,,SKIP_DUPLICATE,
E:\Resimler\2019\01\011_02.jpg,2019-01-06 12:24:26,,2019-01-01 00:00:00,2026-03-19 12:39:29,"folder,filename,metadata,filesystem",INCONSISTENT,2019-01-01 00:00:00,folder,E:\Resimler\2019\01,011_02.jpg,,SKIP_DUPLICATE,
E:\Resimler\2019\01\011_03.jpg,2019-01-08 16:26:35,,2019-01-01 00:00:00,2026-03-19 12:39:30,"folder,filename,metadata,filesystem",INCONSISTENT,2019-01-01 00:00:00,folder,E:\Resimler\2019\01,011_03.jpg,,SKIP_DUPLICATE,
E:\Resimler\2019\01\011_04.jpg,2019-01-17 15:31:22,,2019-01-01 00:00:00,2026-03-19 12:39:34,"folder,filename,metadata,filesystem",INCONSISTENT,2019-01-01 00:00:00,folder,E:\Resimler\2019\01,011_04.jpg,,SKIP_DUPLICATE,
E:\Resimler\2019\01\011_05.jpg,2019-01-18 10:00:06,,2019-01-01 00:00:00,2026-03-19 12:39:34,"folder,filename,metadata,filesystem",INCONSISTENT,2019-01-01 00:00:00,folder,E:\Resimler\2019\01,011_05.jpg,,SKIP_DUPLICATE,
E:\Resimler\2019\01\011_06.jpg,2019-01-19 18:06:41,,2019-01-01 00:00:00,2026-03-19 12:39:34,"folder,filename,metadata,filesystem",INCONSISTENT,2019-01-01 00:00:00,folder,E:\Resimler\2019\01,011_06.jpg,,SKIP_DUPLICATE,
E:\Resimler\2019\01\012.jpg,2019-01-01 18:19:38,,2019-01-01 00:00:00,2026-03-19 12:39:27,"folder,filename,metadata,filesystem",INCONSISTENT,2019-01-01 00:00:00,folder,E:\Resimler\2019\01,012.jpg,,SKIP_DUPLICATE,
E:\Resimler\2019\01\012.png,2019-01-15 22:44:32,,2019-01-01 00:00:00,2026-03-19 12:39:31,"folder,filename,metadata,filesystem",INCONSISTENT,2019-01-01 00:00:00,folder,E:\Resimler\2019\01,012.png,,SKIP_DUPLICATE,
E:\Resimler\2019\01\012_01.jpg,2019-01-02 12:17:12,,2019-01-01 00:00:00,2026-03-19 12:39:28,"folder,filename,metadata,filesystem",INCONSISTENT,2019-01-01 00:00:00,folder,E:\Resimler\2019\01,012_01.jpg,,SKIP_DUPLICATE,
E:\Resimler\2019\01\012_02.jpg,2019-01-06 12:24:26,,2019-01-01 00:00:00,2026-03-19 12:39:29,"folder,filename,metadata,filesystem",INCONSISTENT,2019-01-01 00:00:00,folder,E:\Resimler\2019\01,012_02.jpg,,SKIP_DUPLICATE,
E:\Resimler\2019\01\012_03.jpg,2019-01-08 16:26:47,,2019-01-01 00:00:00,2026-03-19 12:39:30,"folder,filename,metadata,filesystem",INCONSISTENT,2019-01-01 00:00:00,folder,E:\Resimler\2019\01,012_03.jpg,,SKIP_DUPLICATE,
E:\Resimler\2019\01\012_04.jpg,2019-01-16 13:45:24,,2019-01-01 00:00:00,2026-03-19 12:39:31,"folder,filename,metadata,filesystem",INCONSISTENT,2019-01-01 00:00:00,folder,E:\Resimler\2019\01,012_04.jpg,,SKIP_DUPLICATE,
E:\Resimler\2019\01\012_05.jpg,2019-01-17 15:33:26,,2019-01-01 00:00:00,2026-03-19 12:39:34,"folder,filename,metadata,filesystem",INCONSISTENT,2019-01-01 00:00:00,folder,E:\Resimler\2019\01,012_05.jpg,,SKIP_DUPLICATE,
E:\Resimler\2019\01\012_06.jpg,2019-01-18 10:19:42,,2019-01-01 00:00:00,2026-03-19 12:39:34,"folder,filename,metadata,filesystem",INCONSISTENT,2019-01-01 00:00:00,folder,E:\Resimler\2019\01,012_06.jpg,,SKIP_DUPLICATE,
E:\Resimler\2019\01\013.jpg,2019-01-01 19:03:34,,2019-01-01 00:00:00,2026-03-19 12:39:27,"folder,filename,metadata,filesystem",INCONSISTENT,2019-01-01 00:00:00,folder,E:\Resimler\2019\01,013.jpg,,SKIP_DUPLICATE,
E:\Resimler\2019\01\013.png,2019-01-15 22:44:34,,2019-01-01 00:00:00,2026-03-19 12:39:31,"folder,filename,metadata,filesystem",INCONSISTENT,2019-01-01 00:00:00,folder,E:\Resimler\2019\01,013.png,,SKIP_DUPLICATE,
E:\Resimler\2019\01\013_01.jpg,2019-01-02 12:18:08,,2019-01-01 00:00:00,2026-03-19 12:39:28,"folder,filename,metadata,filesystem",INCONSISTENT,2019-01-01 00:00:00,folder,E:\Resimler\2019\01,013_01.jpg,,SKIP_DUPLICATE,
E:\Resimler\2019\01\013_02.jpg,2019-01-06 12:24:26,,2019-01-01 00:00:00,2026-03-19 12:39:29,"folder,filename,metadata,filesystem",INCONSISTENT,2019-01-01 00:00:00,folder,E:\Resimler\2019\01,013_02.jpg,,SKIP_DUPLICATE,
E:\Resimler\2019\01\013_03.jpg,2019-01-08 20:37:14,,2019-01-01 00:00:00,2026-03-19 12:39:31,"folder,filename,metadata,filesystem",INCONSISTENT,2019-01-01 00:00:00,folder,E:\Resimler\2019\01,013_03.jpg,,SKIP_DUPLICATE,
E:\Resimler\2019\01\013_04.jpg,2019-01-16 13:58:42,,2019-01-01 00:00:00,2026-03-19 12:39:31,"folder,filename,metadata,filesystem",INCONSISTENT,2019-01-01 00:00:00,folder,E:\Resimler\2019\01,013_04.jpg,,SKIP_DUPLICATE,
E:\Resimler\2019\01\013_05.jpg,2019-01-17 15:53:32,,2019-01-01 00:00:00,2026-03-19 12:39:34,"folder,filename,metadata,filesystem",INCONSISTENT,2019-01-01 00:00:00,folder,E:\Resimler\2019\01,013_05.jpg,,SKIP_DUPLICATE,
E:\Resimler\2019\01\013_06.jpg,2019-01-18 11:02:42,,2019-01-01 00:00:00,2026-03-19 12:39:34,"folder,filename,metadata,filesystem",INCONSISTENT,2019-01-01 00:00:00,folder,E:\Resimler\2019\01,013_06.jpg,,SKIP_DUPLICATE,
E:\Resimler\2019\01\014.jpg,2019-01-01 19:03:34,,2019-01-01 00:00:00,2026-03-19 12:39:27,"folder,filename,metadata,filesystem",INCONSISTENT,2019-01-01 00:00:00,folder,E:\Resimler\2019\01,014.jpg,,SKIP_DUPLICATE,
E:\Resimler\2019\01\014.png,2019-01-15 22:44:34,,2019-01-01 00:00:00,2026-03-19 12:39:31,"folder,filename,metadata,filesystem",INCONSISTENT,2019-01-01 00:00:00,folder,E:\Resimler\2019\01,014.png,,SKIP_DUPLICATE,
E:\Resimler\2019\01\014_01.jpg,2019-01-02 13:11:50,,2019-01-01 00:00:00,2026-03-19 12:39:28,"folder,filename,metadata,filesystem",INCONSISTENT,2019-01-01 00:00:00,folder,E:\Resimler\2019\01,014_01.jpg,,SKIP_DUPLICATE,
E:\Resimler\2019\01\014_01.png,2019-01-17 16:36:36,,2019-01-01 00:00:00,2026-03-19 12:39:34,"folder,filename,metadata,filesystem",INCONSISTENT,2019-01-01 00:00:00,folder,E:\Resimler\2019\01,014_01.png,,SKIP_DUPLICATE,
E:\Resimler\2019\01\014_02.jpg,2019-01-06 13:40:44,,2019-01-01 00:00:00,2026-03-19 12:39:29,"folder,filename,metadata,filesystem",INCONSISTENT,2019-01-01 00:00:00,folder,E:\Resimler\2019\01,014_02.jpg,,SKIP_DUPLICATE,
E:\Resimler\2019\01\014_03.jpg,2019-01-08 21:15:34,,2019-01-01 00:00:00,2026-03-19 12:39:31,"folder,filename,metadata,filesystem",INCONSISTENT,2019-01-01 00:00:00,folder,E:\Resimler\2019\01,014_03.jpg,,SKIP_DUPLICATE,
E:\Resimler\2019\01\014_04.jpg,2019-01-16 18:45:08,,2019-01-01 00:00:00,2026-03-19 12:39:31,"folder,filename,metadata,filesystem",INCONSISTENT,2019-01-01 00:00:00,folder,E:\Resimler\2019\01,014_04.jpg,,SKIP_DUPLICATE,
E:\Resimler\2019\01\014_05.jpg,2019-01-18 11:04:42,,2019-01-01 00:00:00,2026-03-19 12:39:34,"folder,filename,metadata,filesystem",INCONSISTENT,2019-01-01 00:00:00,folder,E:\Resimler\2019\01,014_05.jpg,,SKIP_DUPLICATE,
E:\Resimler\2019\01\015.jpeg,2019-01-15 22:44:34,,2019-01-01 00:00:00,2026-03-19 12:39:31,"folder,filename,metadata,filesystem",INCONSISTENT,2019-01-01 00:00:00,folder,E:\Resimler\2019\01,015.jpeg,,SKIP_DUPLICATE,
E:\Resimler\2019\01\015.jpg,2019-01-01 19:03:34,,2019-01-01 00:00:00,2026-03-19 12:39:27,"folder,filename,metadata,filesystem",INCONSISTENT,2019-01-01 00:00:00,folder,E:\Resimler\2019\01,015.jpg,,SKIP_DUPLICATE,
E:\Resimler\2019\01\015_01.jpg,2019-01-02 22:19:48,,2019-01-01 00:00:00,2026-03-19 12:39:28,"folder,filename,metadata,filesystem",INCONSISTENT,2019-01-01 00:00:00,folder,E:\Resimler\2019\01,015_01.jpg,,SKIP_DUPLICATE,
E:\Resimler\2019\01\015_02.jpg,2019-01-06 13:47:28,,2019-01-01 00:00:00,2026-03-19 12:39:30,"folder,filename,metadata,filesystem",INCONSISTENT,2019-01-01 00:00:00,folder,E:\Resimler\2019\01,015_02.jpg,,SKIP_DUPLICATE,
E:\Resimler\2019\01\015_03.jpg,2019-01-08 21:32:08,,2019-01-01 00:00:00,2026-03-19 12:39:31,"folder,filename,metadata,filesystem",INCONSISTENT,2019-01-01 00:00:00,folder,E:\Resimler\2019\01,015_03.jpg,,SKIP_DUPLICATE,
E:\Resimler\2019\01\015_04.jpg,2019-01-16 18:45:11,,2019-01-01 00:00:00,2026-03-19 12:39:32,"folder,filename,metadata,filesystem",INCONSISTENT,2019-01-01 00:00:00,folder,E:\Resimler\2019\01,015_04.jpg,,SKIP_DUPLICATE,
E:\Resimler\2019\01\015_05.jpg,2019-01-17 17:43:34,,2019-01-01 00:00:00,2026-03-19 12:39:34,"folder,filename,metadata,filesystem",INCONSISTENT,2019-01-01 00:00:00,folder,E:\Resimler\2019\01,015_05.jpg,,SKIP_DUPLICATE,
E:\Resimler\2019\01\015_06.jpg,2019-01-18 11:05:58,,2019-01-01 00:00:00,2026-03-19 12:39:34,"folder,filename,metadata,filesystem",INCONSISTENT,2019-01-01 00:00:00,folder,E:\Resimler\2019\01,015_06.jpg,,SKIP_DUPLICATE,
E:\Resimler\2019\01\016.jpeg,2019-01-15 22:44:34,,2019-01-01 00:00:00,2026-03-19 12:39:31,"folder,filename,metadata,filesystem",INCONSISTENT,2019-01-01 00:00:00,folder,E:\Resimler\2019\01,016.jpeg,,SKIP_DUPLICATE,
E:\Resimler\2019\01\016.jpg,2019-01-01 19:03:36,,2019-01-01 00:00:00,2026-03-19 12:39:27,"folder,filename,metadata,filesystem",INCONSISTENT,2019-01-01 00:00:00,folder,E:\Resimler\2019\01,016.jpg,,SKIP_DUPLICATE,
E:\Resimler\2019\01\016_01.jpg,2019-01-02 22:19:50,,2019-01-01 00:00:00,2026-03-19 12:39:28,"folder,filename,metadata,filesystem",INCONSISTENT,2019-01-01 00:00:00,folder,E:\Resimler\2019\01,016_01.jpg,,SKIP_DUPLICATE,
E:\Resimler\2019\01\016_02.jpg,2019-01-06 15:06:54,,2019-01-01 00:00:00,2026-03-19 12:39:30,"folder,filename,metadata,filesystem",INCONSISTENT,2019-01-01 00:00:00,folder,E:\Resimler\2019\01,016_02.jpg,,SKIP_DUPLICATE,
E:\Resimler\2019\01\016_03.jpg,2019-01-16 18:45:13,,2019-01-01 00:00:00,2026-03-19 12:39:32,"folder,filename,metadata,filesystem",INCONSISTENT,2019-01-01 00:00:00,folder,E:\Resimler\2019\01,016_03.jpg,,SKIP_DUPLICATE,
E:\Resimler\2019\01\016_04.jpg,2019-01-17 19:38:16,,2019-01-01 00:00:00,2026-03-19 12:39:34,"folder,filename,metadata,filesystem",INCONSISTENT,2019-01-01 00:00:00,folder,E:\Resimler\2019\01,016_04.jpg,,SKIP_DUPLICATE,
E:\Resimler\2019\01\016_05.jpg,2019-01-18 11:54:04,,2019-01-01 00:00:00,2026-03-19 12:39:34,"folder,filename,metadata,filesystem",INCONSISTENT,2019-01-01 00:00:00,folder,E:\Resimler\2019\01,016_05.jpg,,SKIP_DUPLICATE,
E:\Resimler\2019\01\017.jpeg,2019-01-15 22:44:34,,2019-01-01 00:00:00,2026-03-19 12:39:31,"folder,filename,metadata,filesystem",INCONSISTENT,2019-01-01 00:00:00,folder,E:\Resimler\2019\01,017.jpeg,,SKIP_DUPLICATE,
E:\Resimler\2019\01\017.jpg,2019-01-01 19:14:58,,2019-01-01 00:00:00,2026-03-19 12:39:27,"folder,filename,metadata,filesystem",INCONSISTENT,2019-01-01 00:00:00,folder,E:\Resimler\2019\01,017.jpg,,SKIP_DUPLICATE,
E:\Resimler\2019\01\017_01.jpg,2019-01-02 22:21:08,,2019-01-01 00:00:00,2026-03-19 12:39:28,"folder,filename,metadata,filesystem",INCONSISTENT,2019-01-01 00:00:00,folder,E:\Resimler\2019\01,017_01.jpg,,SKIP_DUPLICATE,
E:\Resimler\2019\01\017_02.jpg,2019-01-06 15:06:54,,2019-01-01 00:00:00,2026-03-19 12:39:30,"folder,filename,metadata,filesystem",INCONSISTENT,2019-01-01 00:00:00,folder,E:\Resimler\2019\01,017_02.jpg,,SKIP_DUPLICATE,
E:\Resimler\2019\01\017_03.jpg,2019-01-16 18:45:14,,2019-01-01 00:00:00,2026-03-19 12:39:32,"folder,filename,metadata,filesystem",INCONSISTENT,2019-01-01 00:00:00,folder,E:\Resimler\2019\01,017_03.jpg,,SKIP_DUPLICATE,
E:\Resimler\2019\01\017_04.jpg,2019-01-17 19:45:00,,2019-01-01 00:00:00,2026-03-19 12:39:34,"folder,filename,metadata,filesystem",INCONSISTENT,2019-01-01 00:00:00,folder,E:\Resimler\2019\01,017_04.jpg,,SKIP_DUPLICATE,
E:\Resimler\2019\01\017_05.jpg,2019-01-18 12:16:12,,2019-01-01 00:00:00,2026-03-19 12:39:34,"folder,filename,metadata,filesystem",INCONSISTENT,2019-01-01 00:00:00,folder,E:\Resimler\2019\01,017_05.jpg,,SKIP_DUPLICATE,
E:\Resimler\2019\01\018.jpg,2019-01-01 19:14:58,,2019-01-01 00:00:00,2026-03-19 12:39:27,"folder,filename,metadata,filesystem",INCONSISTENT,2019-01-01 00:00:00,folder,E:\Resimler\2019\01,018.jpg,,SKIP_DUPLICATE,
E:\Resimler\2019\01\018_01.jpg,2019-01-02 22:21:08,,2019-01-01 00:00:00,2026-03-19 12:39:28,"folder,filename,metadata,filesystem",INCONSISTENT,2019-01-01 00:00:00,folder,E:\Resimler\2019\01,018_01.jpg,,SKIP_DUPLICATE,
E:\Resimler\2019\01\018_02.jpg,2019-01-06 16:38:30,,2019-01-01 00:00:00,2026-03-19 12:39:30,"folder,filename,metadata,filesystem",INCONSISTENT,2019-01-01 00:00:00,folder,E:\Resimler\2019\01,018_02.jpg,,SKIP_DUPLICATE,
E:\Resimler\2019\01\018_03.jpg,2019-01-15 22:45:12,,2019-01-01 00:00:00,2026-03-19 12:39:31,"folder,filename,metadata,filesystem",INCONSISTENT,2019-01-01 00:00:00,folder,E:\Resimler\2019\01,018_03.jpg,,SKIP_DUPLICATE,
E:\Resimler\2019\01\018_04.jpg,2019-01-16 18:45:16,,2019-01-01 00:00:00,2026-03-19 12:39:32,"folder,filename,metadata,filesystem",INCONSISTENT,2019-01-01 00:00:00,folder,E:\Resimler\2019\01,018_04.jpg,,SKIP_DUPLICATE,
E:\Resimler\2019\01\018_05.jpg,2019-01-17 20:25:14,,2019-01-01 00:00:00,2026-03-19 12:39:34,"folder,filename,metadata,filesystem",INCONSISTENT,2019-01-01 00:00:00,folder,E:\Resimler\2019\01,018_05.jpg,,SKIP_DUPLICATE,
E:\Resimler\2019\01\018_06.jpg,2019-01-18 12:18:08,,2019-01-01 00:00:00,2026-03-19 12:39:34,"folder,filename,metadata,filesystem",INCONSISTENT,2019-01-01 00:00:00,folder,E:\Resimler\2019\01,018_06.jpg,,SKIP_DUPLICATE,
E:\Resimler\2019\01\019.jpg,2019-01-01 19:31:48,,2019-01-01 00:00:00,2026-03-19 12:39:27,"folder,filename,metadata,filesystem",INCONSISTENT,2019-01-01 00:00:00,folder,E:\Resimler\2019\01,019.jpg,,SKIP_DUPLICATE,
E:\Resimler\2019\01\019.png,2019-01-15 22:45:12,,2019-01-01 00:00:00,2026-03-19 12:39:31,"folder,filename,metadata,filesystem",INCONSISTENT,2019-01-01 00:00:00,folder,E:\Resimler\2019\01,019.png,,SKIP_DUPLICATE,
E:\Resimler\2019\01\019_01.jpg,2019-01-02 22:21:08,,2019-01-01 00:00:00,2026-03-19 12:39:28,"folder,filename,metadata,filesystem",INCONSISTENT,2019-01-01 00:00:00,folder,E:\Resimler\2019\01,019_01.jpg,,SKIP_DUPLICATE,
E:\Resimler\2019\01\019_02.jpg,2019-01-06 16:38:44,,2019-01-01 00:00:00,2026-03-19 12:39:30,"folder,filename,metadata,filesystem",INCONSISTENT,2019-01-01 00:00:00,folder,E:\Resimler\2019\01,019_02.jpg,,SKIP_DUPLICATE,
E:\Resimler\2019\01\019_03.jpg,2019-01-16 18:45:18,,2019-01-01 00:00:00,2026-03-19 12:39:32,"folder,filename,metadata,filesystem",INCONSISTENT,2019-01-01 00:00:00,folder,E:\Resimler\2019\01,019_03.jpg,,SKIP_DUPLICATE,
E:\Resimler\2019\01\019_04.jpg,2019-01-17 22:35:08,,2019-01-01 00:00:00,2026-03-19 12:39:34,"folder,filename,metadata,filesystem",INCONSISTENT,2019-01-01 00:00:00,folder,E:\Resimler\2019\01,019_04.jpg,,SKIP_DUPLICATE,
E:\Resimler\2019\01\019_05.jpg,2019-01-18 12:23:20,,2019-01-01 00:00:00,2026-03-19 12:39:34,"folder,filename,metadata,filesystem",INCONSISTENT,2019-01-01 00:00:00,folder,E:\Resimler\2019\01,019_05.jpg,,SKIP_DUPLICATE,
E:\Resimler\2019\01\020.jpg,2019-01-01 19:36:26,,2019-01-01 00:00:00,2026-03-19 12:39:27,"folder,filename,metadata,filesystem",INCONSISTENT,2019-01-01 00:00:00,folder,E:\Resimler\2019\01,020.jpg,,SKIP_DUPLICATE,
E:\Resimler\2019\01\020_01.jpg,2019-01-02 22:48:42,,2019-01-01 00:00:00,2026-03-19 12:39:28,"folder,filename,metadata,filesystem",INCONSISTENT,2019-01-01 00:00:00,folder,E:\Resimler\2019\01,020_01.jpg,,SKIP_DUPLICATE,
E:\Resimler\2019\01\020_02.jpg,2019-01-06 17:26:22,,2019-01-01 00:00:00,2026-03-19 12:39:30,"folder,filename,metadata,filesystem",INCONSISTENT,2019-01-01 00:00:00,folder,E:\Resimler\2019\01,020_02.jpg,,SKIP_DUPLICATE,
E:\Resimler\2019\01\020_03.jpg,2019-01-15 22:45:14,,2019-01-01 00:00:00,2026-03-19 12:39:31,"folder,filename,metadata,filesystem",INCONSISTENT,2019-01-01 00:00:00,folder,E:\Resimler\2019\01,020_03.jpg,,SKIP_DUPLICATE,
E:\Resimler\2019\01\020_04.jpg,2019-01-16 18:45:30,,2019-01-01 00:00:00,2026-03-19 12:39:32,"folder,filename,metadata,filesystem",INCONSISTENT,2019-01-01 00:00:00,folder,E:\Resimler\2019\01,020_04.jpg,,SKIP_DUPLICATE,
E:\Resimler\2019\01\020_05.jpg,2019-01-18 12:23:20,,2019-01-01 00:00:00,2026-03-19 12:39:34,"folder,filename,metadata,filesystem",INCONSISTENT,2019-01-01 00:00:00,folder,E:\Resimler\2019\01,020_05.jpg,,SKIP_DUPLICATE,
E:\Resimler\2019\01\021.jpg,2019-01-02 22:49:04,,2019-01-01 00:00:00,2026-03-19 12:39:28,"folder,filename,metadata,filesystem",INCONSISTENT,2019-01-01 00:00:00,folder,E:\Resimler\2019\01,021.jpg,,SKIP_DUPLICATE,
E:\Resimler\2019\01\021_01.jpg,2019-01-06 17:26:38,,2019-01-01 00:00:00,2026-03-19 12:39:30,"folder,filename,metadata,filesystem",INCONSISTENT,2019-01-01 00:00:00,folder,E:\Resimler\2019\01,021_01.jpg,,SKIP_DUPLICATE,
E:\Resimler\2019\01\021_02.jpg,2019-01-16 19:09:38,,2019-01-01 00:00:00,2026-03-19 12:39:32,"folder,filename,metadata,filesystem",INCONSISTENT,2019-01-01 00:00:00,folder,E:\Resimler\2019\01,021_02.jpg,,SKIP_DUPLICATE,
E:\Resimler\2019\01\021_03.jpg,2019-01-18 12:23:20,,2019-01-01 00:00:00,2026-03-19 12:39:34,"folder,filename,metadata,filesystem",INCONSISTENT,2019-01-01 00:00:00,folder,E:\Resimler\2019\01,021_03.jpg,,SKIP_DUPLICATE,
E:\Resimler\2019\01\022.jpg,2019-01-02 23:50:06,,2019-01-01 00:00:00,2026-03-19 12:39:28,"folder,filename,metadata,filesystem",INCONSISTENT,2019-01-01 00:00:00,folder,E:\Resimler\2019\01,022.jpg,,SKIP_DUPLICATE,
E:\Resimler\2019\01\022_01.jpg,2019-01-06 17:46:34,,2019-01-01 00:00:00,2026-03-19 12:39:30,"folder,filename,metadata,filesystem",INCONSISTENT,2019-01-01 00:00:00,folder,E:\Resimler\2019\01,022_01.jpg,,SKIP_DUPLICATE,
E:\Resimler\2019\01\022_02.jpg,2019-01-16 19:10:04,,2019-01-01 00:00:00,2026-03-19 12:39:32,"folder,filename,metadata,filesystem",INCONSISTENT,2019-01-01 00:00:00,folder,E:\Resimler\2019\01,022_02.jpg,,SKIP_DUPLICATE,
E:\Resimler\2019\01\022_03.jpg,2019-01-18 12:46:20,,2019-01-01 00:00:00,2026-03-19 12:39:34,"folder,filename,metadata,filesystem",INCONSISTENT,2019-01-01 00:00:00,folder,E:\Resimler\2019\01,022_03.jpg,,SKIP_DUPLICATE,
E:\Resimler\2019\01\023.jpg,2019-01-02 23:50:06,,2019-01-01 00:00:00,2026-03-19 12:39:28,"folder,filename,metadata,filesystem",INCONSISTENT,2019-01-01 00:00:00,folder,E:\Resimler\2019\01,023.jpg,,SKIP_DUPLICATE,
E:\Resimler\2019\01\023_01.jpg,2019-01-06 17:46:34,,2019-01-01 00:00:00,2026-03-19 12:39:30,"folder,filename,metadata,filesystem",INCONSISTENT,2019-01-01 00:00:00,folder,E:\Resimler\2019\01,023_01.jpg,,SKIP_DUPLICATE,
E:\Resimler\2019\01\023_02.jpg,2019-01-16 19:17:51,,2019-01-01 00:00:00,2026-03-19 12:39:32,"folder,filename,metadata,filesystem",INCONSISTENT,2019-01-01 00:00:00,folder,E:\Resimler\2019\01,023_02.jpg,,SKIP_DUPLICATE,
E:\Resimler\2019\01\023_03.jpg,2019-01-18 13:08:32,,2019-01-01 00:00:00,2026-03-19 12:39:34,"folder,filename,metadata,filesystem",INCONSISTENT,2019-01-01 00:00:00,folder,E:\Resimler\2019\01,023_03.jpg,,SKIP_DUPLICATE,
E:\Resimler\2019\01\024.jpg,2019-01-02 23:50:06,,2019-01-01 00:00:00,2026-03-19 12:39:28,"folder,filename,metadata,filesystem",INCONSISTENT,2019-01-01 00:00:00,folder,E:\Resimler\2019\01,024.jpg,,SKIP_DUPLICATE,
E:\Resimler\2019\01\024_01.jpg,2019-01-06 17:46:34,,2019-01-01 00:00:00,2026-03-19 12:39:30,"folder,filename,metadata,filesystem",INCONSISTENT,2019-01-01 00:00:00,folder,E:\Resimler\2019\01,024_01.jpg,,SKIP_DUPLICATE,
E:\Resimler\2019\01\024_02.jpg,2019-01-16 19:17:52,,2019-01-01 00:00:00,2026-03-19 12:39:33,"folder,filename,metadata,filesystem",INCONSISTENT,2019-01-01 00:00:00,folder,E:\Resimler\2019\01,024_02.jpg,,SKIP_DUPLICATE,
E:\Resimler\2019\01\024_03.jpg,2019-01-18 14:24:44,,2019-01-01 00:00:00,2026-03-19 12:39:34,"folder,filename,metadata,filesystem",INCONSISTENT,2019-01-01 00:00:00,folder,E:\Resimler\2019\01,024_03.jpg,,SKIP_DUPLICATE,
E:\Resimler\2019\01\025.jpg,2019-01-06 17:46:34,,2019-01-01 00:00:00,2026-03-19 12:39:30,"folder,filename,metadata,filesystem",INCONSISTENT,2019-01-01 00:00:00,folder,E:\Resimler\2019\01,025.jpg,,SKIP_DUPLICATE,
E:\Resimler\2019\01\025_01.jpg,2019-01-16 19:17:53,,2019-01-01 00:00:00,2026-03-19 12:39:33,"folder,filename,metadata,filesystem",INCONSISTENT,2019-01-01 00:00:00,folder,E:\Resimler\2019\01,025_01.jpg,,SKIP_DUPLICATE,
E:\Resimler\2019\01\025_02.jpg,2019-01-18 14:36:40,,2019-01-01 00:00:00,2026-03-19 12:39:34,"folder,filename,metadata,filesystem",INCONSISTENT,2019-01-01 00:00:00,folder,E:\Resimler\2019\01,025_02.jpg,,SKIP_DUPLICATE,
E:\Resimler\2019\01\026.jpg,2019-01-06 17:46:34,,2019-01-01 00:00:00,2026-03-19 12:39:30,"folder,filename,metadata,filesystem",INCONSISTENT,2019-01-01 00:00:00,folder,E:\Resimler\2019\01,026.jpg,,SKIP_DUPLICATE,
E:\Resimler\2019\01\026_01.jpg,2019-01-16 19:17:56,,2019-01-01 00:00:00,2026-03-19 12:39:33,"folder,filename,metadata,filesystem",INCONSISTENT,2019-01-01 00:00:00,folder,E:\Resimler\2019\01,026_01.jpg,,SKIP_DUPLICATE,
E:\Resimler\2019\01\026_02.jpg,2019-01-18 14:36:58,,2019-01-01 00:00:00,2026-03-19 12:39:34,"folder,filename,metadata,filesystem",INCONSISTENT,2019-01-01 00:00:00,folder,E:\Resimler\2019\01,026_02.jpg,,SKIP_DUPLICATE,
E:\Resimler\2019\01\027.jpg,2019-01-06 17:46:34,,2019-01-01 00:00:00,2026-03-19 12:39:30,"folder,filename,metadata,filesystem",INCONSISTENT,2019-01-01 00:00:00,folder,E:\Resimler\2019\01,027.jpg,,SKIP_DUPLICATE,
E:\Resimler\2019\01\027_01.jpg,2019-01-16 19:17:57,,2019-01-01 00:00:00,2026-03-19 12:39:33,"folder,filename,metadata,filesystem",INCONSISTENT,2019-01-01 00:00:00,folder,E:\Resimler\2019\01,027_01.jpg,,SKIP_DUPLICATE,
E:\Resimler\2019\01\027_02.jpg,2019-01-18 14:40:52,,2019-01-01 00:00:00,2026-03-19 12:39:34,"folder,filename,metadata,filesystem",INCONSISTENT,2019-01-01 00:00:00,folder,E:\Resimler\2019\01,027_02.jpg,,SKIP_DUPLICATE,
E:\Resimler\2019\01\028.jpg,2019-01-06 18:36:32,,2019-01-01 00:00:00,2026-03-19 12:39:30,"folder,filename,metadata,filesystem",INCONSISTENT,2019-01-01 00:00:00,folder,E:\Resimler\2019\01,028.jpg,,SKIP_DUPLICATE,
E:\Resimler\2019\01\028_01.jpg,2019-01-16 19:17:58,,2019-01-01 00:00:00,2026-03-19 12:39:33,"folder,filename,metadata,filesystem",INCONSISTENT,2019-01-01 00:00:00,folder,E:\Resimler\2019\01,028_01.jpg,,SKIP_DUPLICATE,
E:\Resimler\2019\01\028_02.jpg,2019-01-18 14:47:40,,2019-01-01 00:00:00,2026-03-19 12:39:34,"folder,filename,metadata,filesystem",INCONSISTENT,2019-01-01 00:00:00,folder,E:\Resimler\2019\01,028_02.jpg,,SKIP_DUPLICATE,
E:\Resimler\2019\01\029.jpg,2019-01-06 18:36:44,,2019-01-01 00:00:00,2026-03-19 12:39:30,"folder,filename,metadata,filesystem",INCONSISTENT,2019-01-01 00:00:00,folder,E:\Resimler\2019\01,029.jpg,,SKIP_DUPLICATE,
E:\Resimler\2019\01\029_01.jpg,2019-01-16 19:17:59,,2019-01-01 00:00:00,2026-03-19 12:39:33,"folder,filename,metadata,filesystem",INCONSISTENT,2019-01-01 00:00:00,folder,E:\Resimler\2019\01,029_01.jpg,,SKIP_DUPLICATE,
E:\Resimler\2019\01\029_02.jpg,2019-01-18 14:48:12,,2019-01-01 00:00:00,2026-03-19 12:39:34,"folder,filename,metadata,filesystem",INCONSISTENT,2019-01-01 00:00:00,folder,E:\Resimler\2019\01,029_02.jpg,,SKIP_DUPLICATE,
E:\Resimler\2019\01\030.jpg,2019-01-06 18:36:44,,2019-01-01 00:00:00,2026-03-19 12:39:30,"folder,filename,metadata,filesystem",INCONSISTENT,2019-01-01 00:00:00,folder,E:\Resimler\2019\01,030.jpg,,SKIP_DUPLICATE,
E:\Resimler\2019\01\030_01.jpg,2019-01-16 19:18:00,,2019-01-01 00:00:00,2026-03-19 12:39:33,"folder,filename,metadata,filesystem",INCONSISTENT,2019-01-01 00:00:00,folder,E:\Resimler\2019\01,030_01.jpg,,SKIP_DUPLICATE,
E:\Resimler\2019\01\030_02.jpg,2019-01-18 14:48:28,,2019-01-01 00:00:00,2026-03-19 12:39:34,"folder,filename,metadata,filesystem",INCONSISTENT,2019-01-01 00:00:00,folder,E:\Resimler\2019\01,030_02.jpg,,SKIP_DUPLICATE,
E:\Resimler\2019\01\031.gif,2019-01-16 19:26:38,,2019-01-01 00:00:00,2026-03-19 12:39:33,"folder,filename,metadata,filesystem",INCONSISTENT,2019-01-01 00:00:00,folder,E:\Resimler\2019\01,031.gif,,SKIP_DUPLICATE,
E:\Resimler\2019\01\031.jpg,2019-01-06 18:36:44,,2019-01-01 00:00:00,2026-03-19 12:39:30,"folder,filename,metadata,filesystem",INCONSISTENT,2019-01-01 00:00:00,folder,E:\Resimler\2019\01,031.jpg,,SKIP_DUPLICATE,
E:\Resimler\2019\01\031_01.jpg,2019-01-18 14:48:40,,2019-01-01 00:00:00,2026-03-19 12:39:34,"folder,filename,metadata,filesystem",INCONSISTENT,2019-01-01 00:00:00,folder,E:\Resimler\2019\01,031_01.jpg,,SKIP_DUPLICATE,
E:\Resimler\2019\01\032.jpg,2019-01-06 18:36:46,,2019-01-01 00:00:00,2026-03-19 12:39:30,"folder,filename,metadata,filesystem",INCONSISTENT,2019-01-01 00:00:00,folder,E:\Resimler\2019\01,032.jpg,,SKIP_DUPLICATE,
E:\Resimler\2019\01\032.png,2019-01-16 19:40:56,,2019-01-01 00:00:00,2026-03-19 12:39:33,"folder,filename,metadata,filesystem",INCONSISTENT,2019-01-01 00:00:00,folder,E:\Resimler\2019\01,032.png,,SKIP_DUPLICATE,
E:\Resimler\2019\01\032_01.jpg,2019-01-18 14:49:08,,2019-01-01 00:00:00,2026-03-19 12:39:34,"folder,filename,metadata,filesystem",INCONSISTENT,2019-01-01 00:00:00,folder,E:\Resimler\2019\01,032_01.jpg,,SKIP_DUPLICATE,
E:\Resimler\2019\01\033.jpg,2019-01-06 19:49:08,,2019-01-01 00:00:00,2026-03-19 12:39:30,"folder,filename,metadata,filesystem",INCONSISTENT,2019-01-01 00:00:00,folder,E:\Resimler\2019\01,033.jpg,,SKIP_DUPLICATE,
E:\Resimler\2019\01\033.png,2019-01-16 19:40:56,,2019-01-01 00:00:00,2026-03-19 12:39:33,"folder,filename,metadata,filesystem",INCONSISTENT,2019-01-01 00:00:00,folder,E:\Resimler\2019\01,033.png,,SKIP_DUPLICATE,
E:\Resimler\2019\01\033_01.jpg,2019-01-18 14:49:22,,2019-01-01 00:00:00,2026-03-19 12:39:34,"folder,filename,metadata,filesystem",INCONSISTENT,2019-01-01 00:00:00,folder,E:\Resimler\2019\01,033_01.jpg,,SKIP_DUPLICATE,
E:\Resimler\2019\01\034.jpg,2019-01-06 22:31:54,,2019-01-01 00:00:00,2026-03-19 12:39:30,"folder,filename,metadata,filesystem",INCONSISTENT,2019-01-01 00:00:00,folder,E:\Resimler\2019\01,034.jpg,,SKIP_DUPLICATE,
E:\Resimler\2019\01\034.png,2019-01-16 19:40:56,,2019-01-01 00:00:00,2026-03-19 12:39:33,"folder,filename,metadata,filesystem",INCONSISTENT,2019-01-01 00:00:00,folder,E:\Resimler\2019\01,034.png,,SKIP_DUPLICATE,
E:\Resimler\2019\01\034_01.jpg,2019-01-18 14:49:36,,2019-01-01 00:00:00,2026-03-19 12:39:34,"folder,filename,metadata,filesystem",INCONSISTENT,2019-01-01 00:00:00,folder,E:\Resimler\2019\01,034_01.jpg,,SKIP_DUPLICATE,
E:\Resimler\2019\01\035.jpg,2019-01-18 17:18:10,,2019-01-01 00:00:00,2026-03-19 12:39:34,"folder,filename,metadata,filesystem",INCONSISTENT,2019-01-01 00:00:00,folder,E:\Resimler\2019\01,035.jpg,,SKIP_DUPLICATE,
E:\Resimler\2019\01\035.png,2019-01-16 19:43:12,,2019-01-01 00:00:00,2026-03-19 12:39:33,"folder,filename,metadata,filesystem",INCONSISTENT,2019-01-01 00:00:00,folder,E:\Resimler\2019\01,035.png,,SKIP_DUPLICATE,
E:\Resimler\2019\01\036.jpg,2019-01-16 19:43:14,,2019-01-01 00:00:00,2026-03-19 12:39:33,"folder,filename,metadata,filesystem",INCONSISTENT,2019-01-01 00:00:00,folder,E:\Resimler\2019\01,036.jpg,,SKIP_DUPLICATE,
E:\Resimler\2019\01\036_01.jpg,2019-01-18 17:51:16,,2019-01-01 00:00:00,2026-03-19 12:39:34,"folder,filename,metadata,filesystem",INCONSISTENT,2019-01-01 00:00:00,folder,E:\Resimler\2019\01,036_01.jpg,,SKIP_DUPLICATE,
E:\Resimler\2019\01\037.jpg,2019-01-16 19:43:14,,2019-01-01 00:00:00,2026-03-19 12:39:33,"folder,filename,metadata,filesystem",INCONSISTENT,2019-01-01 00:00:00,folder,E:\Resimler\2019\01,037.jpg,,SKIP_DUPLICATE,
E:\Resimler\2019\01\037_01.jpg,2019-01-18 18:04:04,,2019-01-01 00:00:00,2026-03-19 12:39:34,"folder,filename,metadata,filesystem",INCONSISTENT,2019-01-01 00:00:00,folder,E:\Resimler\2019\01,037_01.jpg,,SKIP_DUPLICATE,
E:\Resimler\2019\01\038.jpg,2019-01-16 19:46:10,,2019-01-01 00:00:00,2026-03-19 12:39:33,"folder,filename,metadata,filesystem",INCONSISTENT,2019-01-01 00:00:00,folder,E:\Resimler\2019\01,038.jpg,,SKIP_DUPLICATE,
E:\Resimler\2019\01\038_01.jpg,2019-01-18 20:11:34,,2019-01-01 00:00:00,2026-03-19 12:39:34,"folder,filename,metadata,filesystem",INCONSISTENT,2019-01-01 00:00:00,folder,E:\Resimler\2019\01,038_01.jpg,,SKIP_DUPLICATE,
E:\Resimler\2019\01\039.jpg,2019-01-16 19:46:10,,2019-01-01 00:00:00,2026-03-19 12:39:33,"folder,filename,metadata,filesystem",INCONSISTENT,2019-01-01 00:00:00,folder,E:\Resimler\2019\01,039.jpg,,SKIP_DUPLICATE,
E:\Resimler\2019\01\040.png,2019-01-16 19:46:10,,2019-01-01 00:00:00,2026-03-19 12:39:33,"folder,filename,metadata,filesystem",INCONSISTENT,2019-01-01 00:00:00,folder,E:\Resimler\2019\01,040.png,,SKIP_DUPLICATE,
E:\Resimler\2019\01\041.jpg,2019-01-16 23:14:32,,2019-01-01 00:00:00,2026-03-19 12:39:33,"folder,filename,metadata,filesystem",INCONSISTENT,2019-01-01 00:00:00,folder,E:\Resimler\2019\01,041.jpg,,SKIP_DUPLICATE,
